company,year
&AI,2024
1910 Genetics,2019
1stCollab,2023
20n,2015
64x Bio,2018
A1Base,2025
AI Sell,2024
AI.Fashion,2020
AIVideo.com,2023
AXDRAFT,2019
Abalone Bio,2020
Abbot,2021
Abel,2024
Abel Police,2024
Abundant,2024
Accend,2023
Activeloop,2018
Adam,2025
Aden,2020
Admyral,2025
Adni,2021
Adravision,2021
Adri AI,2023
Aedilic,2024
Aesthetic,2018
Aether Energy,2024
Affil.ai,2024
Affogato AI,2021
AfterQuery,2025
Aftercare,2024
Afternoon.co,2024
Agentic Labs,2024
Agentin AI,2025
Agentive,2023
AgileMD,2011
AiSDR,2023
AiSupervision,2022
Aidy,2024
Airbyte,2020
Airhart Aeronautics,2022
Airmada,2015
Airo Health,2016
Airtrain AI,2022
Airweave,2025
Akido Labs,2015
Akiflow,2020
Alaan,2023
Alai,2024
Aldara,2022
AlgoSurg Inc,2018
Algolia,2014
Algoriz,2016
Alice.tech,2025
Alieo Games,2012
Allure Systems,2019
Almond,2022
Alpas,2021
AlphaWatch AI,2023
Alterya,2022
AmberBox Gunshot Detection,2016
Ambient.ai,2017
Amby Health,2025
AminoAnalytica,2024
Anakin,2021
Anara,2024
Anasen,2017
Andi,2022
Andoria,2024
Andromeda Surgical,2023
Andy AI,2024
Anglera,2024
Ankr Health,2022
Anthrogen,2024
Apollo.io,2016
ApolloShield,2016
Approval AI,2025
Apriora,2024
Apten,2024
Aqua Voice,2024
Aquarium Learning,2020
Arcane,2024
Archbee,2021
ArchiLabs,2024
Archil,2024
Ardis AI,2020
"Argon AI, Inc.",2024
Argovox,2022
Ariglad,2023
Arini,2024
Arintra,2022
Armilla AI,2022
Arpeggio Bio,2019
Array Labs,2022
Artemis Search,2022
Arthena,2017
Artifact,2020
Artificial Societies,2025
Artisan,2024
Artos,2024
Arva AI,2024
Asha Health,2024
AskMyClass,2018
Askdata,2019
Assembly HOA,2024
AssemblyAI,2017
Asterisk,2024
Asteroid,2025
Astrix Health,2024
Astro,2025
Athelas,2016
AthenaHQ,2025
Athina AI,2023
Atla,2023
Atlas,2022
Atmo,2020
Atomic Industries,2021
Atomwise,2015
Attunement,2024
Auctor,2025
Augento,2025
Aura Vision,2019
Aurelian,2022
Auro Robotics,2015
Authologic,2021
AutoComputer,2024
AutoPallet Robotics,2024
Automat,2023
Automorphic,2023
Autotab,2023
AvairSense,2022
Avallon AI,2025
AviaryAI,2022
Axal,2025
Axiom.ai,2021
Axle,2022
Axross Pte Ltd,2022
Azalea Robotics Corporation,2024
BIK,2020
Bankjoy,2015
Basalt,2024
Basedash,2020
Baseline AI,2024
Basepilot,2024
Baserun,2023
Baubap,2021
Bayes Impact,2014
Bayesline,2024
BeGo,2020
Bear Flag Robotics,2018
Bemlo,2022
Benchmark,2023
Berbix,2018
Berry,2023
Betterhalf,2021
Bicycle AI,2017
Bilanc,2024
Bild AI,2025
Bindwell,2025
Biodock,2021
Birch Biosciences,2022
Bizzy,2015
Blast,2024
Blaxel,2025
Blink,2021
Blue Onion,2020
BlueHill Payments,2022
Bluebirds,2023
Bluebook,2025
Blyss,2023
Bodyport,2015
BoldVoice,2021
Bolto,2023
Booth AI,2023
Bot MD,2018
BotBuilt,2021
BotCity,2022
Boundary,2023
Boundo,2022
Bountiful,2017
BrainHi,2018
BrainKey,2019
Brainbase,2024
Branch AI,2023
Breadcrumbs.io,2021
Brevy,2020
Brewit,2023
Brex,2017
BricksAI,2022
Brighterway,2024
Broccoli AI,2022
Bronco AI,2023
Browser Use,2025
Bucket Robotics,2024
Bunkerhill Health,2019
Buoyant Aero,2021
BusinessOnBot,2021
Buster,2024
Buzzle,2021
Bytebot,2021
CAPSULE,2022
CTGT,2024
Caddie AI,2022
Caire Health,2021
Cairns Health,2017
Call9,2015
Callback,2024
Calltree AI,2025
Cambio,2022
CambioML,2023
Cambridge Cancer Genomics,2017
Campfire (applied AI company),2022
Candid,2024
Candor,2025
Canopy Labs,2012
Canvas,2024
Caper,2016
Capitol AI,2024
Carbic,2016
Cardamon,2025
Cardinal,2023
Cargo,2023
Caribou,2019
Carousel Technologies,2024
Cartage,2024
Casca,2023
Caseflood.ai,2025
Casetext,2013
Casixty,2025
Castle,2016
Cedalio,2023
Cedana,2023
Cedar,2025
Cekura (formerly Vocera),2024
CellChorus,2021
Cellbyte,2022
Cenote,2025
Centauri AI,2024
Cerebrium,2022
Cero,2021
Cerrion,2022
Certainly Health,2023
Cerulion,2024
Champ,2022
Charge Robotics,2021
Chatfuel,2016
Chatter,2023
Cherry Recommends,2022
Chima,2023
Chonkie,2025
Chordio,2022
Chorrie,2024
Chunkr,2024
Chute,2012
Cinder,2022
Circleback,2024
Circlemind,2024
Ciro,2022
ClaimSorted,2024
Clara Labs,2014
Clarion,2024
Clarum,2024
ClassroomIQ,2012
Cleancard,2023
ClearBrain,2018
Clearest Health,2023
Clearly AI,2024
Clinikally,2022
ClipDrop,2021
Closure,2025
CloudCruise,2024
CloudGlue,2024
Clueso,2023
CoLoop,2021
Cobbery,2022
Coblocks,2024
Code Four,2025
CodeAnt AI,2024
CodeParrot AI,2023
CodeStory,2023
CodeViz,2024
Codeball,2021
Codebuff,2024
Codec,2022
Codes Health,2024
Cofactor Genomics,2015
CoffeeAI,2022
Cogram,2022
Cohere,2020
Coinrule,2021
Coldreach,2023
CollectWise,2024
CombineHealth,2023
Comfy Deploy,2024
Command AI,2020
CommodityAI,2024
Compose.ai,2021
Compra R√°pida,2022
Concourse,2023
Conductor Quantum,2024
Conduit,2023
Confident AI,2025
Conntour,2025
Continue,2023
ContraForce,2021
Contrario,2025
Conveo,2024
Copper Health,2024
CopyCat,2025
CoreCare,2020
Corgea,2023
Corgi,2024
Corgi Labs,2023
Corvus Robotics,2018
Cosine,2023
Cotera,2022
Coulomb AI,2021
Coval,2024
CozmoX AI,2022
CreatorML,2023
CreatorOS,2021
Credal.ai,2023
Crew,2021
Criya,2022
CrowdAI,2016
Cruise,2014
Cua,2025
Cuckoo Labs,2025
Cue,2010
Curacel,2022
CustomerOS,2022
CyberFend,2015
Cyble,2021
D-ID,2017
DAGWorks Inc.,2023
Dabble,2015
Daily,2016
DailyBot,2021
Dalus,2025
Darrow,2021
Dart,2022
Dartboard Energy,2025
Dashdive,2023
Datacurve,2024
Dataglade,2023
Dataherald,2021
Dataland,2020
Dataleap,2024
Datasaur,2020
Datrics,2021
Deasy Labs,2023
Decipher AI,2024
Decisional AI,2024
Decoda Health,2023
Decohere,2023
Deel,2019
"DeepSim, Inc.",2024
Deepgram,2016
Deepnight,2024
Defog.ai,2023
Delegasi,2022
Delfino AI,2022
Delineate,2025
Delve,2024
Demeter,2025
Demodesk,2019
Den,2025
Dench.com,2024
Dev Tools AI,2022
Dexter,2024
Dexterity,2025
Dialect,2022
DianaHR,2024
Diffuse Bio,2023
Diffusion Studio,2024
DigiBuild,2021
Digistain,2021
DigitalCarbon,2024
Diligent,2023
Dime,2024
Dimely,2024
"Diode Computers, Inc.",2024
Dioptra,2022
Directed Edge,2009
Distro,2024
Docsum,2023
Doctor Droid,2023
Dodo,2024
Dojah Inc,2022
Dollyglot,2025
Domu Technology Inc.,2024
DoorDash,2013
Dot,2021
Double ‚Äì Coding Copilot,2023
Doublezero,2024
Dover,2019
Downlink,2024
DraftWise,2020
Draftaid,2024
Dragoneye,2024
Dream3D,2023
Drillbit,2024
Driver AI,2024
Dropbox,2007
Dropprint Genomics,2020
DryMerge,2024
Dubjoy,2011
Duckie,2024
EARTH AI,2019
EasyCode,2022
Echo,2023
Echo Locker,2013
Edexia,2025
Edge,2023
EdgeBit,2023
Educato AI,2024
Eggnog,2024
Egress Health,2025
Elayne,2024
ElectroNeek,2020
Elessar,2022
Elevate,2024
Ellipsis,2024
Eloquent AI,2025
Elyos,2023
Elythea,2023
Embark Trucks,2016
Ember,2024
Ember Robotics,2024
Emergent,2024
Emi Labs,2019
Empirical Health,2023
Enable Us,2021
Encord,2021
Endla,2021
Engines,2024
Entangl,2024
Entvin,2022
Epsilla,2023
Ergo,2025
Escape,2023
"Estimote, Inc.",2013
Eventual,2022
Evidently AI,2021
Evolvere BioSciences,2024
Exa,2021
Exa Laboratories,2024
Exin Therapeutics,2025
Exla,2025
"Exosonic, Inc.",2020
Explo,2020
Extend,2023
EzDubs,2023
FINNY AI,2024
Fabius,2023
Faction,2021
Faire,2017
Fairway Health,2023
Farmako Healthcare,2020
Farmstead,2016
Fathom,2021
Fazeshift,2024
Feather,2022
Felafax,2024
Fiber AI,2023
Ficra,2024
FiddleCube,2023
FileStack,2012
Filta,2021
Findly,2022
Fini,2022
Finic,2023
Finlens,2020
Finnt,2022
Finosu,2024
Fintelite,2022
Fintool,2023
Fira,2025
Firebender,2024
Firecrawl,2022
FirstIgnite,2021
FirstQuadrant,2021
FirstSupport.ai,2021
FirstWork,2024
Flagright,2022
Flair Labs,2022
FleetWorks,2023
Flike,2022
Flint,2023
Flirtey (SkyDrop),2015
Flock Safety,2017
Flockjay,2019
Flower,2023
FlowiseAI,2023
Flowly,2021
Floworks,2023
FloydHub,2017
Fluently,2024
Flux Auto,2021
FlyCode,2022
Flyflow,2024
Focal,2024
Focal Systems,2016
Focus Buddy,2024
Forage Mail,2021
Forerunner AI,2024
Foundry,2024
Fountain,2015
Fountain9,2021
Four Growers,2018
Fractal Labs,2024
Fragment,2023
Framed Data,2014
Freestyle,2024
Frekil,2025
Freshplum,2011
Friday,2024
Frigade,2023
FrontPage,2021
Fume,2024
FurtherAI,2024
Fuse,2024
FuseAI,2025
FutureClinic,2024
G LNK,2025
GEn1E Lifesciences,2019
Gaiascope,2019
Gait,2024
Gale,2025
Galini,2024
Gauge,2024
Gecko Robotics,2016
Gecko Security,2024
Gem,2017
General Agency,2025
General Analysis,2024
General Trajectory,2025
GetCrux,2024
Giga ML,2023
GitStart,2019
Glade,2023
Glass Health,2023
Glimmer,2024
Glimpse,2020
Glisten AI,2020
Gluetrail,2023
GoLinks,2019
GoldenBasis,2024
GovDash,2022
GovEagle,2023
GovernGPT,2024
Govly,2021
GradeWiz,2025
Grai,2022
GreenTally,2023
Greenboard,2024
Greenlite,2023
GrepData,2013
Greptile,2024
Gridware,2021
GrubMarket,2015
Guac,2023
Guardian AI,2024
Guardian RF,2024
Guide Labs,2024
Gulp,2025
Gumloop,2024
HEO Robotics,2021
HOAi,2022
HOMLI,2022
HUD,2025
Hadrius,2023
Hamming AI,2024
Handl,2020
Handoff,2020
Haplotype Labs,2024
Happenstance,2024
HappyRobot,2023
Harbera,2025
Harmonic Discovery,2021
Harper,2025
Hatch,2019
Hatchet,2024
Haven,2020
Hazel,2024
Headstart,2017
Health Harbor,2023
HealthKey,2025
HealthSpark,2024
Hedgehog,2022
Hegel AI,2023
Helicone,2023
Helium,2024
Hello Chair,2007
Helpcare AI,2024
HeroUI,2024
Heroic Story,2019
Heron Data,2020
"Hestus, Inc.",2024
Hey Revia,2024
Hickory,2015
Hightouch,2019
Hindsight,2023
Hiration,2020
Hirebolt,2021
HockeyStack,2023
Hudson Labs (formerly Bedrock AI),2021
Human Behavior,2025
Human Dx,2012
HumanLayer,2024
Humand,2022
Humanloop,2020
Humanly,2020
HyLight,2023
HypaHub,2022
Hyper Online,2020
HyperGlue,2021
Hyperbound,2023
Hyperbrowser,2021
Hypermile,2020
Hypotenuse AI,2020
IOMETE,2022
ISSEN,2024
Iambiq Technologies,2018
Iliad,2023
InQuery,2024
InVision Medical Technology,2022
Inari,2023
Inconvo,2023
Industrial Next,2022
Inevitable Tech,2016
Inkeep,2023
Inkling,2006
Inlet,2023
InnaMed,2017
Innate,2024
Inscribe,2018
Insight Data Science,2011
InspectMind AI,2024
InstaGrok,2012
Instacrops,2021
Instant Labs,2022
Integuru,2024
Intellect,2021
Intelligent,2020
Interviewed,2015
Intryc,2024
Intuned,2022
Inventive AI,2023
Invofox,2022
IoTFlows Inc,2022
Iona Mind,2021
Iris Automation,2016
Ironclad,2015
Isabl,2020
IvyCheck,2022
Ixiplay,2013
Jasmine Energy,2022
Jasper.ai,2018
Javelin Robotics,2021
Jazzberry,2025
Jerry,2017
Jestor,2021
Jido Maps,2018
Joon Health,2022
Juicebox,2022
Julius,2022
Junction Bioscience,2024
Just Appraised,2017
Just Words,2024
JustPaid.ai,2023
JuziBot,2019
K-Scale Labs,2024
Kabilah,2024
Kairo Health,2024
Karmen,2024
Kashin,2022
Kastle,2024
Keeling Labs,2023
Keep,2023
Keet,2024
Kenley,2024
Keye,2024
Keyri,2021
Keywords AI,2024
Khoj,2023
Kino AI,2023
Kisan Network,2016
Kite,2023
Klarismo,2015
Klarity,2018
Klavis AI,2025
Known Medicine,2020
Knowtex,2022
Kobalt Labs,2023
Kobo360,2018
Kontigo,2024
KorrAI,2022
Kular,2022
Kura,2024
Kura AI,2024
Kyber,2023
LabelFlow,2018
Lamar Health,2021
Lamin,2022
Laminar,2024
LanceDB,2022
Lancey,2022
Langdock,2023
Langfuse,2023
Lantern,2019
Latent,2023
Latent Space,2022
Laudable,2021
LaunchFlow,2023
Lavo Life Sciences,2023
Lawn Love,2014
Layerup,2022
Layup,2023
LazyEditor,2023
Le Tote,2013
LeadGenius,2011
Leaping,2024
Leaping AI,2025
LedgerUp,2024
Leena AI,2018
Leeroo,2025
Legion Health,2021
Legora (formerly Leya),2024
Lemon Slice,2024
Letter AI,2023
Letterdrop,2020
Lexter.ai,2022
Lifecast,2022
Lifted,2022
Liftigniter,2014
Lighthouz AI,2024
Lightscreen AI,2024
Lightski,2023
Ligo Biosciences,2024
Lilac Labs,2024
Linc.,2023
LineWise,2025
Lingo.dev,2024
LinkGrep,2023
Linum,2023
LiteLLM,2023
Lizza,2022
LogisticsOS,2021
Lopus AI,2025
Lovage,2022
Luca,2023
Lucid,2025
Lucidic AI,2025
Lucite,2024
Lume,2023
Lumenary,2024
Lumina,2022
Luminai,2020
Lumona,2024
LunaJoy,2022
Lune,2024
Luthor,2024
Lynx,2023
Lyrebird,2017
Lysto,2023
Lytix,2024
MICSI,2023
Macadamia,2025
Mach9,2021
Macromoltek,2018
MagiCode,2024
Magic Hour,2024
Magic Loops,2023
Magicflow êÇÇ,2023
MagnaPlay,2023
Maihem,2024
MailTime,2016
Maitai,2024
Maitian.ai,2019
Maive,2025
Makani Science,2021
Makeasite,2022
Manaflow,2024
Mandel AI,2023
Marblism,2024
Marft,2012
MarketBrief,2011
Marketfox,2017
Markprompt,2024
MarqVision,2021
Marr Labs,2024
Mars Auto,2019
Martin,2023
Mashgin,2015
Mastra,2025
Material Depot,2022
Mathos,2024
Matterport,2012
Maven Bio,2023
May Mobility,2017
Maya Labs,2022
Mecha Health,2025
MedCrypt,2019
Mederva Health,2022
MediSearch,2023
Medicare Vox (fka Fair Square),2020
Medigram,2012
Medium Biosciences,2021
Medumo,2018
Melder,2024
Melty,2024
Mem0,2024
Memora Health,2018
MentalHappy,2018
Menten AI,2020
Mentum,2021
Menza,2023
Mercator,2022
Merlin AI,2024
Mesh,2020
Meta,2013
Metal,2023
Metalware,2023
Metaplane,2020
Meter Feeder,2016
Meticulate,2024
Metofico,2024
Metreecs,2024
Mica AI,2024
MicroHealth,2015
Middleware,2023
Midship,2024
Milky Way AI,2021
MindFi,2021
MindPortal,2021
Minded,2023
Mindee,2021
Mindori,2016
MindsDB,2020
Mindstate Design Labs,2021
Mineflow,2024
Mintplex Labs,2022
MinusX,2024
Miracle,2023
Miru,2024
Misprint,2025
Mito,2020
Miyagi Labs,2025
MobileBoost,2021
Mocha,2023
Momentic,2024
Momo Medical,2021
Monterey AI,2022
Moonglow,2024
Moonvalley,2021
Moots AI,2022
Morphik,2025
Mosaic,2025
MosaicVoice,2022
Mosaix.ai,2016
Motion,2020
Mundo AI,2025
Mutiny,2018
Mystic,2021
Nabla Bio,2020
Namecard.ai,2022
NanoNets,2017
Nanograb,2023
Nara,2022
Narrative,2023
Natero,2012
Navier AI,2024
Nectar,2023
Nectome,2018
NeoWize,2016
Neosync,2022
Neptyne,2023
Nestor,2018
Netomi,2016
Newton,2024
Next Caller,2014
NextByte,2025
NextDrop,2017
Nextera Robotics,2020
Nextmv,2020
Niles,2017
Nimble,2017
Nimbus,2021
Nitrode,2025
NoRedInk,2012
Nowadays,2023
Nowports,2019
NuMind,2022
Nuanced,2024
Nyckel,2022
Observant AI,2018
Observe.AI,2018
Octolane AI,2024
Ocular AI,2024
Odo,2024
OfOne,2023
OffDeal,2024
Offstream,2024
Oki,2025
Olio Labs,2023
Omni,2020
OmniAI,2024
Oncobox,2017
OneStopKitchen,2021
Onlook,2025
Ontra Mobility,2024
Onward,2023
Onyx,2024
Opearlo,2017
Open,2024
Open Motors,2016
OpenFoundry,2024
OpenFunnel,2024
OpenMeter,2023
OpenPipe,2023
OpenSight,2023
Opencall.ai,2024
Openlayer,2021
Operand,2025
Operative.sh,2025
Opine,2025
Opkit,2021
Opslane,2024
Optifye.ai,2025
Optilly/Installmonetizer,2012
Optimizely,2010
Ora AI,2023
Orangewood Labs,2018
Orbillion Bio,2021
Orbio Earth,2023
Orbiter,2020
Orchid,2023
Origami,2024
Osium AI,2023
Osmind,2020
Outerport,2024
Outlit,2025
Output Biosciences,2021
Outset,2023
Overlap,2024
Overstand Labs,2025
Overview,2019
Overwatch,2022
Ovlo,2025
Oway,2024
Paasa,2024
Pachama,2019
Pair AI,2023
Paladin,2018
Palifer,2019
Palmier,2024
Palomma,2023
PandasAI,2024
Pando Bioscience,2023
Panora,2024
Paperplane,2023
Paperspace,2015
Parabolic,2023
Parade,2020
Paradigm,2024
Paradome,2024
Paragon AI,2022
Parahelp,2024
Parallel,2024
Paratus Health,2025
Parea,2023
Parity,2024
Parley,2024
Parsagon,2021
Parsewise,2025
Partcl,2025
Pasito,2022
Passenger AI,2018
Patched,2024
Patchwork,2024
PathPilot,2024
Pathmind,2016
Patika,2022
Patterns,2021
Pave Robotics,2025
Pax,2024
PayCrunch,2022
PearAI,2024
Pearson Labs,2024
Penciled,2024
Penguin AI,2022
People.ai,2016
Peppr AI,2025
Percept.AI,2017
Perlara,2016
Permitify,2025
Pernell,2024
Persana AI,2023
Persist AI,2023
Pharos,2024
Phiar,2018
Phind,2022
Phonely,2024
Photoroom,2020
Pibit.ai,2021
Pickle,2025
PicnicHealth,2014
Pideaky,2021
Pierre,2023
Pig,2025
Pina Earth,2022
Pinch,2025
Pincites,2023
PipeBio,2021
Pipeshift,2024
Piramidal,2024
Pirros,2023
Pit.AI,2017
Pivot Robotics,2024
Plai,2021
Plasticity,2017
PlayHT,2023
Playground,2019
Playment,2017
Plexe,2025
Plivo,2012
Ploomber,2022
Plume,2024
Plutto,2022
Ply Health,2024
Pocket Worlds,2018
PocketPod,2024
Podium,2016
PointOne,2024
Pointwise,2023
Poka Labs,2024
Poly,2022
Polymath Robotics,2022
Polymet,2024
Ponder,2023
Ponyrun,2022
PoplarML,2023
Popsy,2022
PostEra,2020
PostHog,2020
Powder,2024
Power to the Brand,2022
PowerX,2020
Powerdocs,2022
Powerhouse AI,2022
Pragmatic Leaders (Ankai Inc),2021
Praxis AI,2024
Praxos,2024
Prayas Analytics,2015
Precip,2024
Preflight,2019
Preloop,2024
Presti AI,2024
Presto,2010
Pretzel AI,2024
Probably Genetic,2019
Prodigal,2018
Prolific,2019
Promi,2024
Promoted.ai,2021
PromptLoop,2022
Promptless,2025
PropRise,2023
Propaya,2024
Prophecy Sciences,2013
Protegee,2024
Protex AI,2021
Proven Group,2018
Provision,2022
Proxis,2024
Pulpix,2016
Pulse,2024
Pump.co,2022
Pumpkin,2024
PySpur.dev,2024
Pyka,2017
Pyq AI,2023
Pythagora (GPT Pilot),2024
Pyxai,2019
Quadrant Eye,2021
Quantstruct,2025
Query Vary,2022
QueryPie,2020
Quetzal,2024
Quickchat AI,2018
Quill AI,2023
Quindar,2022
Quivr,2024
Qventus,2015
RADAR,2013
RMFG,2021
ROSS Intelligence,2015
RTHM,2022
Rabbet,2017
RadMate AI,2024
Rada,2025
Radical,2023
Ragas,2024
Rain Neuromorphics,2018
Raindrop,2024
Ramen VR,2019
Rankai,2023
Rastro,2024
Raven,2022
Raven Tech,2015
Raycaster,2024
Razorpay,2015
ReactWise,2024
Reality Defender,2022
Rebolt,2025
Recall.ai,2020
Recurrency,2020
Red Barn Robotics,2025
RedBrick AI,2022
Redbird,2022
Redouble AI,2024
Reduced Energy Microsystems,2015
Reducto,2024
Reflex,2023
Reforged Labs,2022
Regology,2018
Rejoy Health,2021
Relace,2023
Relari,2024
Relativity Space,2016
Relvy AI,2024
Remade,2024
Remo,2024
Remy,2023
RentFlow,2024
Repacket,2023
Reprompt,2024
Rescale,2012
Rescript,2024
Reshape Biotech,2021
Resonance,2024
Respaid,2023
Retape,2023
Retell AI,2024
Reticular,2024
Retrofit,2025
Revamp,2023
Revery AI,2021
Revi,2024
Revise Robotics,2025
Revyl,2024
Rewbi,2024
Reworkd,2023
Ridecell,2012
Rider,2022
RiskAngle,2024
RiskCube,2024
Risotto,2024
Rivet,2023
Riveter AI,2024
Rivia.AI,2021
Riviera,2025
Roark,2025
Robby Technologies,2016
RoboTire,2020
Roboflow,2020
RocketLit,2016
Rocketable,2025
Roe AI,2024
Roger,2021
Rollstack,2023
Roundabout Technologies,2024
Roundtable,2023
RowBoat Labs,2024
Rubber Ducky Labs,2023
Rubbrband,2023
Rulebase,2024
RunLocal,2024
RunRL,2025
SAMMY Labs,2025
SBX Robotics,2021
SID,2023
SPATE,2018
SPRX,2023
SRE.ai,2024
SafeBeat,2021
SafetyKit,2023
Sage AI,2023
SalesPatriot,2025
SalesSift,2014
Saleswhale,2016
Salient,2023
Salt Security,2016
Same,2024
Sameday,2023
Sample,2024
Sapling.ai,2019
Sarus,2022
Saturn,2024
Scale AI,2016
Scanbase,2023
SchemeFlow,2024
SciPhi,2024
Scispot,2021
ScopeAI,2017
Scout,2020
Scrapybara,2024
Scribe,2017
Sculpt,2022
Seals AI,2024
Secoda,2021
Second,2023
Securly,2012
Segmed,2020
Segments.ai,2021
Sei,2022
SelectIQ,2023
Semantics3,2013
Sendbird,2016
Sendblue,2023
"Sendme, Inc",2022
Sennu AI,2025
Sense Education,2012
Sensei,2024
Senso,2024
SensorSurf,2023
Sentiyen,2021
Sepal AI,2024
Sepsis Scout,2018
Sequence Bio,2019
Serinus Biosciences,2022
Serra,2023
Shadeform,2023
Shape,2021
Shaped,2022
Shelf Engine,2018
Shepherd,2021
Shiboleth,2024
Shift Health,2019
ShipBlu,2021
Shipamax,2017
ShopMyGPT.com,2021
ShortLoop,2023
Shortbread,2023
ShowAndTell,2024
Sidenote,2023
Sieve,2022
Sift,2011
Sift Dev,2025
SigOpt,2015
Sigma AI,2022
Silimate,2023
SilkChart,2022
Silogy,2024
Silurian,2024
SimCare AI,2024
Simple AI,2024
Simplex,2024
Simplifine,2024
Simplify,2021
Sivi,2022
SkydropX,2018
Skypher,2020
Skyvern,2023
Slicker,2023
Slidely AI,2022
Slik,2017
Slingshot,2022
Slite,2018
Smarking,2015
SmartHelio,2022
Smobi,2023
Smyte,2015
SnapCalorie,2021
SnapMagic,2015
Snapjoy,2011
Snaptalent,2008
Sohar Health,2023
Sola,2023
Solidroad,2025
Solum Health,2022
Solve Intelligence,2023
Sonauto,2024
Sonia,2024
Sophris,2025
Soraban,2021
Soteris,2019
Soundry AI,2024
Sourceress,2017
Spade,2022
Spark,2024
Speck,2024
Spect,2017
Speechly,2022
Speedy Labs,2023
Spellbrush,2018
Sphere,2022
Spherecast,2024
Sphinx,2024
Spinach AI,2022
Spine AI,2023
Spiral Genetics,2019
Spoil,2015
Spongecake,2024
Spott,2025
SprintAI,2020
Squire.ai,2021
Stably AI,2022
Stack AI,2023
StackLead,2014
Stacksi,2021
Stamp,2025
Standard AI,2017
Standard Cyborg,2015
StarJar,2024
Starcloud,2024
Stardex,2021
Starsky Robotics,2016
Stellar,2022
Storia AI,2024
Stormy AI ‚Äì Autonomous marketing agent,2024
Storyboarder,2023
Storyline,2018
Strac,2022
Strada,2023
StratumAI,2020
Stream,2022
Strong Compute,2022
Struct,2023
Studdy,2023
SubscriptionFlow,2022
Subsets,2023
Substrate,2024
Suggestr,2022
Sully.ai,2021
Summed AI,2024
SuperKalam,2023
Superagent,2024
Superb AI,2019
Superpowered AI,2022
Superunit,2024
SureBright,2024
Swades AI,2022
Sway Finance,2016
Swayable,2018
Sweep,2023
Sweetspot,2023
Swiftype,2012
Symphony,2024
Syncly,2023
Synth,2024
SynthioLabs,2025
T3 Chat (prev. Ping.gg),2022
TANGObuilder,2020
TRACTIAN,2021
TRM Labs,2019
Tabular,2024
Tailor-ED,2019
Tailornova/Couturme,2019
Taiv,2020
Taktile,2020
Talc,2023
Talentropy.ai,2022
TamLabs,2025
Tamarind Bio,2024
Tandem,2019
Tara AI,2015
Taskade,2019
Tasker AI,2020
Tavus,2021
TaxGPT,2024
Taylor AI,2023
Tegon,2023
Tejas AI,2025
Teleo,2020
Telivy,2021
Tenderd,2018
Tennr,2023
Tensil,2019
TensorPool,2025
Tensorfuse,2024
Tenyks,2021
Tergle,2025
Terracotta AI,2023
Terrakotta,2024
Tesorio,2015
Tetra,2017
Texel.ai,2023
The Forecasting Company,2024
Thematic,2017
Theneo,2022
Thorntale,2024
Thrive Agritech,2015
Thyme,2024
TigerEye,2022
Tile,2024
Tinfoil,2025
Tiny,2024
Tire Swing,2025
Titan,2018
TokenOwl,2024
Toma,2024
Toolify,2024
Toothy AI,2025
Top Road,2022
Topo,2024
Tower,2024
Trace,2025
Tracecat,2024
Traceloop,2023
Traces,2019
TrackChain,2021
Trackingplan,2022
TradeFlow,2024
TrainLoop,2025
Trainy,2023
Tranqui Finanzas,2019
Trata,2025
Traversal Networks,2015
Traverse Technologies,2019
Trellis,2024
Trellus,2022
Trendpop,2021
Tributi,2018
Trident Bioscience,2020
Trieve,2024
Triomics,2021
TripleZip,2025
TrueClaim,2024
Trueplace,2022
Truewind,2023
Truffle AI,2025
Truora,2019
Truva,2022
Tr√©bol,2022
Tuesday,2022
Tuesday Lab,2024
Tule,2014
Turing College,2021
Turing Labs Inc.,2020
Turntable,2023
Tusk,2024
Tuva Health,2022
Twine,2023
Two Dots,2022
Tydo,2020
Typa,2024
Type,2023
TypeLess,2022
Typedream,2020
Typewise,2022
UNISON,2022
Uberduck,2022
Ultra,2024
Unbabel,2014
Undermind,2024
Unhaze,2023
Unify,2023
Unravel Carbon,2022
Unsloth AI,2024
Unthread,2022
Unusual,2024
UpCodes,2017
Upfort,2017
Upsolve,2019
Upsolve AI,2024
Upwave,2012
UserGems,2014
VOIQ,2015
Vaero,2023
Valora,2025
Vango AI,2023
VantedgeAI,2022
Vantel,2025
Variance,2023
Varos,2021
Vathys,2018
Vector,2023
VectorShift,2023
Vellum,2023
Velos,2023
Vendah,2023
Vendora,2023
Venta AI,2023
Venu AI,2021
Vera Health,2024
Verak,2021
Verbiflow,2025
Verge Genomics,2015
VergeSense,2017
Veriff,2018
Verihubs,2021
Versable,2022
Versive,2023
"Veryfi, Inc.",2017
Vespper,2024
Vibe,2024
VibeGrade,2025
Vimmerse,2022
Viva Labs,2022
Vizly,2023
Vizy,2019
Vocality Health,2025
Vocode,2023
Vogent,2021
Voiceops,2017
Voicery,2018
Void,2024
Voker,2024
Volley,2018
Vooma,2023
Voosh,2021
Vora AI,2025
Vovana,2025
VoxOps AI,2024
Vybe,2025
WareIQ,2020
"Warmly,",2020
Warpdrive by Synthetic Minds,2018
Warpfy,2021
Watchsend,2013
Watto AI,2023
Wattson Health,2023
Waydev,2021
Waypoint Transit,2025
WeReno,2022
WeatherCheck,2019
Weave,2025
Weave Robotics,2024
Weltio,2022
Whirlscape,2014
WhiteLab Genomics,2022
Wild Moose,2023
Wildcard,2025
Willow,2024
Windsor,2019
Winford Wealth,2024
Wingman,2019
Wit.ai,2014
Wolfia,2022
Wondercraft,2022
Wordware,2024
WorkDone,2025
Workflow86,2022
Worklytics,2018
Writesonic,2021
Xobni,2006
Yarn,2024
YesGraph,2015
Yhat,2015
Yondu,2024
Yoneda Labs,2024
YouShift,2025
Yuma AI,2023
Yummy Future,2019
Zapi,2022
Zeit AI,2024
Zeitview,2015
Zen99,2014
Zenbase AI,2024
Zendar,2017
Zeo Route Planner,2020
Zeon Systems,2025
Zep AI,2024
Zero Health,2025
ZeroEntropy,2025
ZeroPath,2024
Zeta Surgical,2019
Zimi,2024
Zorba,2022
Zumo Labs,2020
Zuni,2024
Zyper,2018
amiloz,2022
askLio,2023
assistant-ui,2025
autarc,2024
autone,2022
awen,2025
bloop,2021
camelAI,2024
camfer,2024
careCycle,2025
cloud humans,2021
co.dev,2023
crmCopilot,2024
dili,2023
dmodel,2024
eBrandvalue,2015
edgetrace,2024
ego,2024
emojis.com,2025
eqtble,2021
et al.,2024
expand.ai,2024
finbar,2025
fixa,2024
flexEngage,2016
garten,2016
goodfin,2022
haddock,2022
iSono Health,2016
ideate.xyz,2024
inBalance,2021
inFeedo AI,2020
iollo,2022
ion design,2024
jo,2024
kapa.ai,2023
kater.ai,2024
mdhub,2024
mrge,2025
mutable.ai,2022
nCompass Technologies,2024
nao Labs,2025
ngrow.ai,2022
"numericcal, inc.",2018
nunu.ai,2023
outloud.ai,2021
phospho,2024
rct AI,2019
rift,2023
sudocode,2023
supercontrast,2024
superglue,2025
sync.,2024
telli,2024
throxy,2025
trebu,2022
truemetrics,2023
vly.ai,2024
voize,2022
√Öngstr√∂m AI,2024
